-- phpMyAdmin SQL Dump
-- version 4.8.3
-- https://www.phpmyadmin.net/
--
-- Хост: localhost
-- Время создания: Авг 27 2019 г., 01:40
-- Версия сервера: 5.6.39-83.1
-- Версия PHP: 5.6.40

SET SQL_MODE = "NO_AUTO_VALUE_ON_ZERO";
SET time_zone = "+00:00";


/*!40101 SET @OLD_CHARACTER_SET_CLIENT=@@CHARACTER_SET_CLIENT */;
/*!40101 SET @OLD_CHARACTER_SET_RESULTS=@@CHARACTER_SET_RESULTS */;
/*!40101 SET @OLD_COLLATION_CONNECTION=@@COLLATION_CONNECTION */;
/*!40101 SET NAMES utf8mb4 */;

--
-- База данных: `cb33831_company`
--

-- --------------------------------------------------------

--
-- Структура таблицы `brigades`
--

CREATE TABLE IF NOT EXISTS `brigades` (
  `id_brigade` int(11) NOT NULL AUTO_INCREMENT,
  `brigade_name` varchar(255) NOT NULL,
  `brigadier` int(11) DEFAULT NULL,
  PRIMARY KEY (`id_brigade`),
  KEY `brigadier` (`brigadier`)
) ENGINE=InnoDB AUTO_INCREMENT=31 DEFAULT CHARSET=utf8;

--
-- Дамп данных таблицы `brigades`
--

INSERT INTO `brigades` (`id_brigade`, `brigade_name`, `brigadier`) VALUES
(23, 'Бригада 1', 389),
(26, 'Бригада 2', 344),
(27, 'Бригада 3', 358),
(28, 'Бригада 4', 424),
(30, 'Бригада 5', 397);

-- --------------------------------------------------------

--
-- Структура таблицы `buses`
--

CREATE TABLE IF NOT EXISTS `buses` (
  `id_product` int(11) NOT NULL,
  `mark` varchar(100) DEFAULT NULL,
  `model` varchar(100) DEFAULT NULL,
  `engine_capacity` int(11) DEFAULT NULL,
  `weight` int(11) DEFAULT NULL,
  `color` varchar(255) DEFAULT NULL,
  `content` int(11) DEFAULT NULL,
  UNIQUE KEY `id_product_2` (`id_product`),
  KEY `model` (`model`),
  KEY `mark` (`mark`),
  KEY `color` (`color`),
  KEY `id_product` (`id_product`)
) ENGINE=InnoDB DEFAULT CHARSET=utf8;

--
-- Дамп данных таблицы `buses`
--

INSERT INTO `buses` (`id_product`, `mark`, `model`, `engine_capacity`, `weight`, `color`, `content`) VALUES
(2, 'КАМАЗ', '3320', 3, 3, 'Белый', 4),
(18, 'МАЗ', '6584', 10, 10, 'Черный', 10),
(19, 'ПАЗ', '6584', 1, 1, 'Черный', 1);

-- --------------------------------------------------------

--
-- Структура таблицы `bus_mark`
--

CREATE TABLE IF NOT EXISTS `bus_mark` (
  `mark` varchar(100) NOT NULL,
  PRIMARY KEY (`mark`),
  UNIQUE KEY `mark` (`mark`)
) ENGINE=InnoDB DEFAULT CHARSET=utf8;

--
-- Дамп данных таблицы `bus_mark`
--

INSERT INTO `bus_mark` (`mark`) VALUES
('КАМАЗ'),
('МАЗ'),
('ПАЗ');

-- --------------------------------------------------------

--
-- Структура таблицы `bus_model`
--

CREATE TABLE IF NOT EXISTS `bus_model` (
  `model` varchar(100) NOT NULL,
  PRIMARY KEY (`model`),
  UNIQUE KEY `model` (`model`)
) ENGINE=InnoDB DEFAULT CHARSET=utf8;

--
-- Дамп данных таблицы `bus_model`
--

INSERT INTO `bus_model` (`model`) VALUES
('1108'),
('2705'),
('3320'),
('6584');

-- --------------------------------------------------------

--
-- Структура таблицы `cars`
--

CREATE TABLE IF NOT EXISTS `cars` (
  `id_product` int(11) NOT NULL,
  `mark` varchar(100) DEFAULT NULL,
  `model` varchar(100) DEFAULT NULL,
  `engine_capacity` int(11) DEFAULT NULL,
  `weight` int(11) DEFAULT NULL,
  `color` varchar(100) DEFAULT NULL,
  `body` varchar(100) DEFAULT NULL,
  UNIQUE KEY `id_product_2` (`id_product`),
  KEY `body` (`body`),
  KEY `color` (`color`),
  KEY `mark` (`mark`),
  KEY `model` (`model`),
  KEY `id_product` (`id_product`)
) ENGINE=InnoDB DEFAULT CHARSET=utf8;

--
-- Дамп данных таблицы `cars`
--

INSERT INTO `cars` (`id_product`, `mark`, `model`, `engine_capacity`, `weight`, `color`, `body`) VALUES
(14, 'ГАЗ', '3102', 4, 5, 'Серый', 'Хетчбек'),
(16, 'ГАЗ', '3102', 2, 4, 'Красный', 'Хетчбек'),
(17, 'ГАЗ', '2107', 2, 4, 'Серый', 'Седан'),
(21, 'ВАЗ', '2107', 3, 4, 'Синий', 'Седан');

-- --------------------------------------------------------

--
-- Структура таблицы `car_body`
--

CREATE TABLE IF NOT EXISTS `car_body` (
  `body` varchar(100) NOT NULL,
  PRIMARY KEY (`body`),
  UNIQUE KEY `body` (`body`)
) ENGINE=InnoDB DEFAULT CHARSET=utf8;

--
-- Дамп данных таблицы `car_body`
--

INSERT INTO `car_body` (`body`) VALUES
('Седан'),
('Хетчбек');

-- --------------------------------------------------------

--
-- Структура таблицы `car_mark`
--

CREATE TABLE IF NOT EXISTS `car_mark` (
  `mark` varchar(100) NOT NULL,
  PRIMARY KEY (`mark`),
  UNIQUE KEY `mark` (`mark`)
) ENGINE=InnoDB DEFAULT CHARSET=utf8;

--
-- Дамп данных таблицы `car_mark`
--

INSERT INTO `car_mark` (`mark`) VALUES
('ВАЗ'),
('ГАЗ');

-- --------------------------------------------------------

--
-- Структура таблицы `car_model`
--

CREATE TABLE IF NOT EXISTS `car_model` (
  `model` varchar(100) NOT NULL,
  PRIMARY KEY (`model`),
  UNIQUE KEY `model` (`model`)
) ENGINE=InnoDB DEFAULT CHARSET=utf8;

--
-- Дамп данных таблицы `car_model`
--

INSERT INTO `car_model` (`model`) VALUES
('2105'),
('2107'),
('2109'),
('3102');

-- --------------------------------------------------------

--
-- Структура таблицы `colors`
--

CREATE TABLE IF NOT EXISTS `colors` (
  `color` varchar(100) NOT NULL,
  PRIMARY KEY (`color`),
  UNIQUE KEY `color` (`color`)
) ENGINE=InnoDB DEFAULT CHARSET=utf8;

--
-- Дамп данных таблицы `colors`
--

INSERT INTO `colors` (`color`) VALUES
('Белый'),
('Красный'),
('Серый'),
('Синий'),
('Черный');

-- --------------------------------------------------------

--
-- Структура таблицы `engineering_info`
--

CREATE TABLE IF NOT EXISTS `engineering_info` (
  `id_worker` int(11) DEFAULT NULL,
  `tel` varchar(255) DEFAULT NULL,
  `email` varchar(255) DEFAULT NULL,
  `dob` date DEFAULT NULL,
  `adress` varchar(255) DEFAULT NULL,
  `photo` varchar(255) DEFAULT NULL,
  UNIQUE KEY `id_worker_2` (`id_worker`),
  KEY `id_worker` (`id_worker`)
) ENGINE=InnoDB DEFAULT CHARSET=utf8;

--
-- Дамп данных таблицы `engineering_info`
--

INSERT INTO `engineering_info` (`id_worker`, `tel`, `email`, `dob`, `adress`, `photo`) VALUES
(44, '7(495)542-00-71', 'grothoff@att.net', '1980-06-10', 'Москва, Олимпийский пр-т, д.6, кв. 70', '../../images/volkov-p.jpg'),
(45, '7(495)435-23-15', 'wetter@hotmail.com', '1980-06-11', 'Москва, Олимпийский пр-т, д.6, кв. 71', '../../images/volkov-p.jpg'),
(46, '7(495)901-66-91', 'mcsporran@msn.com', '1980-06-12', 'Москва, Олимпийский пр-т, д.6, кв. 72', '../../images/volkov-p.jpg'),
(47, '7(495)707-82-34', 'world@comcast.net', '1980-06-13', 'Москва, Олимпийский пр-т, д.6, кв. 73', '../../images/volkov-p.jpg'),
(48, '7(495)879-94-00', 'symbolic@me.com', '1980-06-14', 'Москва, Олимпийский пр-т, д.6, кв. 74', '../../images/volkov-p.jpg'),
(49, '7(495)451-77-72', 'rjones@optonline.net', '1980-06-15', 'Москва, Олимпийский пр-т, д.6, кв. 75', '../../images/volkov-p.jpg'),
(50, '7(495)733-32-59', 'errxn@icloud.com', '1980-06-16', 'Москва, Олимпийский пр-т, д.6, кв. 76', '../../images/volkov-p.jpg'),
(51, '7(495)578-81-37', 'boftx@gmail.com', '1980-06-17', 'Москва, Олимпийский пр-т, д.6, кв. 77', '../../images/volkov-p.jpg'),
(52, '7(495)068-56-84', 'portscan@mac.com', '1980-06-18', 'Москва, Олимпийский пр-т, д.6, кв. 78', '../../images/volkov-p.jpg'),
(53, '7(495)468-23-08', 'portscan@hotmail.com', '1980-06-19', 'Москва, Олимпийский пр-т, д.6, кв. 79', '../../images/volkov-p.jpg'),
(54, '7(495)424-77-37', 'parksh@msn.com', '1980-06-20', 'Москва, Олимпийский пр-т, д.6, кв. 80', '../../images/volkov-p.jpg'),
(55, '7(495)161-29-81', 'geekgrl@optonline.net', '1980-06-21', 'Москва, Олимпийский пр-т, д.6, кв. 81', '../../images/volkov-p.jpg'),
(56, '7(495)505-29-93', 'crypt@optonline.net', '1980-06-22', 'Москва, Олимпийский пр-т, д.6, кв. 82', '../../images/volkov-p.jpg'),
(57, '7(495)515-92-49', 'henkp@att.net', '1980-06-23', 'Москва, Олимпийский пр-т, д.6, кв. 83', '../../images/volkov-p.jpg'),
(58, '7(495)644-47-27', 'seano@outlook.com', '1980-06-24', 'Москва, Олимпийский пр-т, д.6, кв. 84', '../../images/volkov-p.jpg'),
(59, '7(495)890-88-28', 'eabrown@live.com', '1980-06-25', 'Москва, Олимпийский пр-т, д.6, кв. 85', '../../images/volkov-p.jpg'),
(60, '7(495)235-13-85', 'rcwil@yahoo.ca', '1980-06-26', 'Москва, Олимпийский пр-т, д.6, кв. 86', '../../images/volkov-p.jpg'),
(61, '7(495)018-36-80', 'majordick@live.com', '1980-06-27', 'Москва, Олимпийский пр-т, д.6, кв. 87', '../../images/volkov-p.jpg'),
(62, '7(495)257-07-49', 'adamk@mac.com', '1980-06-28', 'Москва, Олимпийский пр-т, д.6, кв. 88', '../../images/volkov-p.jpg'),
(63, '7(495)494-22-26', 'novanet@sbcglobal.net', '1980-06-29', 'Москва, Олимпийский пр-т, д.6, кв. 89', '../../images/volkov-p.jpg'),
(64, '7(495)616-90-29', 'jgoerzen@att.net', '1980-06-30', 'Москва, Олимпийский пр-т, д.6, кв. 90', '../../images/volkov-p.jpg'),
(65, '7(495)375-96-52', 'grossman@outlook.com', '0000-00-00', 'Москва, Олимпийский пр-т, д.6, кв. 91', '../../images/volkov-p.jpg'),
(66, '7(495)109-85-84', 'agapow@hotmail.com', '0000-00-00', 'Москва, Олимпийский пр-т, д.6, кв. 92', '../../images/volkov-p.jpg'),
(67, '7(495)881-01-85', 'kawasaki@msn.com', '0000-00-00', 'Москва, Олимпийский пр-т, д.6, кв. 93', '../../images/volkov-p.jpg'),
(68, '7(495)917-04-61', 'sscorpio@comcast.net', '0000-00-00', 'Москва, Олимпийский пр-т, д.6, кв. 94', '../../images/volkov-p.jpg'),
(69, '7(495)468-02-09', 'tangsh@att.net', '0000-00-00', 'Москва, Олимпийский пр-т, д.6, кв. 95', '../../images/volkov-p.jpg'),
(70, '7(495)082-66-75', 'staffelb@msn.com', '0000-00-00', 'Москва, Олимпийский пр-т, д.6, кв. 96', '../../images/volkov-p.jpg'),
(71, '7(495)675-75-05', 'carreras@verizon.net', '0000-00-00', 'Москва, Олимпийский пр-т, д.6, кв. 97', '../../images/volkov-p.jpg'),
(72, '7(495)235-60-74', 'tjensen@msn.com', '0000-00-00', 'Москва, Олимпийский пр-т, д.6, кв. 98', '../../images/volkov-p.jpg'),
(73, '7(495)426-73-51', 'mnemonic@optonline.net', '0000-00-00', 'Москва, Олимпийский пр-т, д.6, кв. 99', '../../images/volkov-p.jpg'),
(74, '7(495)440-11-66', 'overbom@msn.com', '0000-00-00', 'Москва, Олимпийский пр-т, д.6, кв. 100', '../../images/volkov-p.jpg'),
(75, '7(495)316-91-24', 'sarahs@optonline.net', '0000-00-00', 'Москва, Олимпийский пр-т, д.6, кв. 101', '../../images/volkov-p.jpg'),
(76, '7(495)500-67-51', 'dkrishna@comcast.net', '0000-00-00', 'Москва, Олимпийский пр-т, д.6, кв. 102', '../../images/volkov-p.jpg'),
(77, '7(495)879-23-07', 'flakeg@msn.com', '0000-00-00', 'Москва, Олимпийский пр-т, д.6, кв. 103', '../../images/volkov-p.jpg'),
(78, '7(495)479-64-54', 'munjal@live.com', '0000-00-00', 'Москва, Олимпийский пр-т, д.6, кв. 104', '../../images/volkov-p.jpg'),
(79, '7(495)607-82-12', 'rfisher@aol.com', '0000-00-00', 'Москва, Олимпийский пр-т, д.6, кв. 105', '../../images/volkov-p.jpg'),
(80, '7(495)134-99-61', 'wmszeliga@optonline.net', '0000-00-00', 'Москва, Олимпийский пр-т, д.6, кв. 106', '../../images/volkov-p.jpg'),
(81, '7(495)410-81-76', 'hillct@me.com', '0000-00-00', 'Москва, Олимпийский пр-т, д.6, кв. 107', '../../images/volkov-p.jpg'),
(82, '7(495)552-91-77', 'juerd@me.com', '0000-00-00', 'Москва, Олимпийский пр-т, д.6, кв. 108', '../../images/volkov-p.jpg'),
(83, '7(495)846-16-89', 'flavell@comcast.net', '0000-00-00', 'Москва, Олимпийский пр-т, д.6, кв. 109', '../../images/volkov-p.jpg'),
(84, '7(495)248-11-99', 'evans@sbcglobal.net', '0000-00-00', 'Москва, Олимпийский пр-т, д.6, кв. 110', '../../images/volkov-p.jpg'),
(85, '7(495)104-27-09', 'stakasa@me.com', '0000-00-00', 'Москва, Олимпийский пр-т, д.6, кв. 111', '../../images/volkov-p.jpg'),
(86, '7(495)613-79-05', 'cisugrad@comcast.net', '0000-00-00', 'Москва, Олимпийский пр-т, д.6, кв. 112', '../../images/volkov-p.jpg'),
(87, 'dfthu', 'bbirth@mac.com', '2020-01-01', 'Москва, Олимпийский пр-т, д.6, кв. 113', '../../images/volkov-p.jpg'),
(88, '7(495)383-48-30', 'hillct@mac.com', '0000-00-00', 'Москва, Олимпийский пр-т, д.6, кв. 114', '../../images/volkov-p.jpg'),
(89, '7(495)351-06-14', 'emmanuel@sbcglobal.net', '0000-00-00', 'Москва, Олимпийский пр-т, д.6, кв. 115', '../../images/volkov-p.jpg'),
(90, '7(495)270-27-60', 'sassen@att.net', '0000-00-00', 'Москва, Олимпийский пр-т, д.6, кв. 116', '../../images/volkov-p.jpg'),
(91, '7(495)885-87-50', 'rattenbt@sbcglobal.net', '0000-00-00', 'Москва, Олимпийский пр-т, д.6, кв. 117', '../../images/volkov-p.jpg'),
(92, '7(495)345-17-51', 'presoff@mac.com', '0000-00-00', 'Москва, Олимпийский пр-т, д.6, кв. 118', '../../images/volkov-p.jpg'),
(93, '7(495)031-64-69', 'jeffcovey@msn.com', '0000-00-00', 'Москва, Олимпийский пр-т, д.6, кв. 119', '../../images/volkov-p.jpg'),
(94, '7(495)309-16-94', 'oracle@me.com', '0000-00-00', 'Москва, Олимпийский пр-т, д.6, кв. 120', '../../images/volkov-p.jpg'),
(95, '7(495)893-54-36', 'ianbuck@icloud.com', '0000-00-00', 'Москва, Олимпийский пр-т, д.6, кв. 121', '../../images/volkov-p.jpg'),
(96, '7(495)810-57-16', 'nachbaur@sbcglobal.net', '0000-00-00', 'Москва, Олимпийский пр-т, д.6, кв. 122', '../../images/volkov-p.jpg'),
(97, '7(495)485-84-55', 'stomv@mac.com', '0000-00-00', 'Москва, Олимпийский пр-т, д.6, кв. 123', '../../images/volkov-p.jpg'),
(98, '7(495)558-24-37', 'bolow@live.com', '0000-00-00', 'Москва, Олимпийский пр-т, д.6, кв. 124', '../../images/volkov-p.jpg'),
(99, '7(495)208-74-55', 'mstrout@live.com', '0000-00-00', 'Москва, Олимпийский пр-т, д.6, кв. 125', '../../images/volkov-p.jpg'),
(100, '7(495)658-37-52', 'sbmrjbr@gmail.com', '0000-00-00', 'Москва, Олимпийский пр-т, д.6, кв. 126', '../../images/volkov-p.jpg'),
(101, '7(495)370-72-65', 'william@icloud.com', '0000-00-00', 'Москва, Олимпийский пр-т, д.6, кв. 127', '../../images/volkov-p.jpg'),
(102, '7(495)140-67-79', 'rogerspl@yahoo.ca', '0000-00-00', 'Москва, Олимпийский пр-т, д.6, кв. 128', '../../images/volkov-p.jpg'),
(103, '7(495)887-23-35', 'jaarnial@optonline.net', '0000-00-00', 'Москва, Олимпийский пр-т, д.6, кв. 129', '../../images/volkov-p.jpg'),
(104, '7(495)944-69-68', 'kingma@yahoo.com', '0000-00-00', 'Москва, Олимпийский пр-т, д.6, кв. 130', '../../images/volkov-p.jpg'),
(105, '7(495)380-64-54', 'aibrahim@live.com', '0000-00-00', 'Москва, Олимпийский пр-т, д.6, кв. 131', '../../images/volkov-p.jpg'),
(106, '7(495)042-72-27', 'zyghom@optonline.net', '0000-00-00', 'Москва, Олимпийский пр-т, д.6, кв. 132', '../../images/volkov-p.jpg'),
(107, '7(495)154-48-95', 'lishoy@outlook.com', '0000-00-00', 'Москва, Олимпийский пр-т, д.6, кв. 133', '../../images/volkov-p.jpg'),
(108, '7(495)494-35-26', 'fangorn@me.com', '0000-00-00', 'Москва, Олимпийский пр-т, д.6, кв. 134', '../../images/volkov-p.jpg'),
(109, '7(495)165-52-92', 'mwilson@sbcglobal.net', '0000-00-00', 'Москва, Олимпийский пр-т, д.6, кв. 135', '../../images/volkov-p.jpg'),
(110, '7(495)449-77-78', 'adhere@aol.com', '0000-00-00', 'Москва, Олимпийский пр-т, д.6, кв. 136', '../../images/volkov-p.jpg'),
(111, '7(495)233-12-89', 'juerd@optonline.net', '0000-00-00', 'Москва, Олимпийский пр-т, д.6, кв. 137', '../../images/volkov-p.jpg'),
(112, '7(495)730-35-62', 'cantu@mac.com', '0000-00-00', 'Москва, Олимпийский пр-т, д.6, кв. 138', '../../images/volkov-p.jpg'),
(113, '7(495)272-57-47', 'fallorn@icloud.com', '0000-00-00', 'Москва, Олимпийский пр-т, д.6, кв. 139', '../../images/volkov-p.jpg'),
(114, '7(495)970-64-95', 'meder@icloud.com', '0000-00-00', 'Москва, Олимпийский пр-т, д.6, кв. 140', '../../images/volkov-p.jpg'),
(115, '7(495)298-57-72', 'staffelb@verizon.net', '0000-00-00', 'Москва, Олимпийский пр-т, д.6, кв. 141', '../../images/volkov-p.jpg'),
(116, '7(495)128-79-13', 'fmtbebuck@aol.com', '0000-00-00', 'Москва, Олимпийский пр-т, д.6, кв. 142', '../../images/volkov-p.jpg'),
(117, '7(495)967-71-40', 'twoflower@live.com', '0000-00-00', 'Москва, Олимпийский пр-т, д.6, кв. 143', '../../images/volkov-p.jpg'),
(118, '7(495)107-69-33', 'mallanmba@msn.com', '0000-00-00', 'Москва, Олимпийский пр-т, д.6, кв. 144', '../../images/volkov-p.jpg'),
(119, '7(495)227-00-95', 'british@verizon.net', '0000-00-00', 'Москва, Олимпийский пр-т, д.6, кв. 145', '../../images/volkov-p.jpg'),
(120, '7(495)248-16-23', 'sjava@yahoo.ca', '0000-00-00', 'Москва, Олимпийский пр-т, д.6, кв. 146', '../../images/volkov-p.jpg'),
(121, '7(495)803-95-30', 'grolschie@yahoo.ca', '0000-00-00', 'Москва, Олимпийский пр-т, д.6, кв. 147', '../../images/volkov-p.jpg'),
(122, '7(495)383-21-64', 'pthomsen@icloud.com', '0000-00-00', 'Москва, Олимпийский пр-т, д.6, кв. 148', '../../images/volkov-p.jpg'),
(123, '7(495)914-91-01', 'thomasj@gmail.com', '0000-00-00', 'Москва, Олимпийский пр-т, д.6, кв. 149', '../../images/volkov-p.jpg'),
(124, '7(495)494-11-86', 'clkao@gmail.com', '0000-00-00', 'Москва, Олимпийский пр-т, д.6, кв. 150', '../../images/volkov-p.jpg'),
(125, '7(495)890-32-10', 'ajlitt@me.com', '0000-00-00', 'Москва, Олимпийский пр-т, д.6, кв. 151', '../../images/volkov-p.jpg'),
(126, '7(495)939-10-35', 'skythe@me.com', '0000-00-00', 'Москва, Олимпийский пр-т, д.6, кв. 152', '../../images/volkov-p.jpg'),
(127, '7(495)599-79-00', 'froodian@comcast.net', '0000-00-00', 'Москва, Олимпийский пр-т, д.6, кв. 153', '../../images/volkov-p.jpg'),
(128, '7(495)055-23-22', 'retoh@msn.com', '0000-00-00', 'Москва, Олимпийский пр-т, д.6, кв. 154', '../../images/volkov-p.jpg'),
(129, '7(495)236-55-61', 'rsmartin@yahoo.com', '0000-00-00', 'Москва, Олимпийский пр-т, д.6, кв. 155', '../../images/volkov-p.jpg'),
(130, '7(495)006-14-20', 'dkeeler@optonline.net', '0000-00-00', 'Москва, Олимпийский пр-т, д.6, кв. 156', '../../images/volkov-p.jpg'),
(131, '7(495)207-21-86', 'fairbank@msn.com', '0000-00-00', 'Москва, Олимпийский пр-т, д.6, кв. 157', '../../images/volkov-p.jpg'),
(132, '7(495)323-75-69', 'ovprit@optonline.net', '0000-00-00', 'Москва, Олимпийский пр-т, д.6, кв. 158', '../../images/volkov-p.jpg'),
(133, '7(495)963-52-40', 'ilikered@msn.com', '0000-00-00', 'Москва, Олимпийский пр-т, д.6, кв. 159', '../../images/volkov-p.jpg'),
(134, '7(495)564-08-51', 'purvis@live.com', '0000-00-00', 'Москва, Олимпийский пр-т, д.6, кв. 160', '../../images/volkov-p.jpg'),
(135, '7(495)593-67-98', 'seemant@sbcglobal.net', '0000-00-00', 'Москва, Олимпийский пр-т, д.6, кв. 161', '../../images/volkov-p.jpg'),
(136, '7(495)219-77-85', 'osrin@yahoo.com', '0000-00-00', 'Москва, Олимпийский пр-т, д.6, кв. 162', '../../images/volkov-p.jpg'),
(137, '7(495)592-73-31', 'wayward@aol.com', '0000-00-00', 'Москва, Олимпийский пр-т, д.6, кв. 163', '../../images/volkov-p.jpg'),
(138, '7(495)950-80-19', 'matthijs@live.com', '0000-00-00', 'Москва, Олимпийский пр-т, д.6, кв. 164', '../../images/volkov-p.jpg'),
(139, '7(495)023-82-19', 'aracne@hotmail.com', '0000-00-00', 'Москва, Олимпийский пр-т, д.6, кв. 165', '../../images/volkov-p.jpg'),
(140, '7(495)283-07-98', 'saridder@sbcglobal.net', '0000-00-00', 'Москва, Олимпийский пр-т, д.6, кв. 166', '../../images/volkov-p.jpg'),
(141, '7(495)810-24-11', 'bowmanbs@live.com', '0000-00-00', 'Москва, Олимпийский пр-т, д.6, кв. 167', '../../images/volkov-p.jpg'),
(142, '7(495)713-73-24', 'joehall@outlook.com', '0000-00-00', 'Москва, Олимпийский пр-т, д.6, кв. 168', '../../images/volkov-p.jpg'),
(143, '7(495)572-88-13', 'dimensio@yahoo.ca', '0000-00-00', 'Москва, Олимпийский пр-т, д.6, кв. 169', '../../images/volkov-p.jpg');

-- --------------------------------------------------------

--
-- Структура таблицы `engineering_position`
--

CREATE TABLE IF NOT EXISTS `engineering_position` (
  `id_position` int(11) NOT NULL AUTO_INCREMENT,
  `position` varchar(255) NOT NULL,
  PRIMARY KEY (`id_position`),
  UNIQUE KEY `id_position` (`id_position`),
  UNIQUE KEY `position` (`position`)
) ENGINE=InnoDB AUTO_INCREMENT=32 DEFAULT CHARSET=utf8;

--
-- Дамп данных таблицы `engineering_position`
--

INSERT INTO `engineering_position` (`id_position`, `position`) VALUES
(9, '-'),
(30, 'водитель 2 категории'),
(16, 'Главный бухгалтер'),
(17, 'Главный диспетчер'),
(18, 'Главный инженер'),
(19, 'Главный конструктор'),
(20, 'Главный металлург'),
(21, 'Главный метролог'),
(22, 'Главный механик'),
(23, 'Главный сварщик'),
(24, 'Главный специалист по защите информации'),
(25, 'Главный технолог'),
(26, 'Главный энергетик'),
(6, 'диспетчер'),
(2, 'заведующий складом'),
(28, 'Заведующий столовой'),
(29, 'Заведующий хозяйством'),
(3, 'инженер'),
(4, 'программист'),
(8, 'техник'),
(7, 'технолог');

-- --------------------------------------------------------

--
-- Структура таблицы `engineering_staff`
--

CREATE TABLE IF NOT EXISTS `engineering_staff` (
  `id_worker` int(11) NOT NULL AUTO_INCREMENT,
  `last_name` varchar(20) NOT NULL,
  `first_name` varchar(20) NOT NULL,
  `patronymic` varchar(20) NOT NULL,
  `id_position` int(11) DEFAULT NULL,
  PRIMARY KEY (`id_worker`),
  KEY `position` (`id_position`)
) ENGINE=InnoDB AUTO_INCREMENT=144 DEFAULT CHARSET=utf8;

--
-- Дамп данных таблицы `engineering_staff`
--

INSERT INTO `engineering_staff` (`id_worker`, `last_name`, `first_name`, `patronymic`, `id_position`) VALUES
(44, 'Вавилов', 'Евлампий', 'Святославович', 6),
(45, 'Лясин', 'Святослав', 'Трофимович', 6),
(46, 'Ряхин', 'Игнат', 'Андронович', 6),
(47, 'Курсалин', 'Ираклий', 'Валериевич', 6),
(48, 'Казанцев', 'Чеслав', 'Михеевич', 6),
(49, 'Буряков', 'Михей', 'Казимирович', 6),
(50, 'Белибердиев', 'Павел', 'Евгениевич', 6),
(51, 'Ефремов', 'Ефим', 'Эдуардович', 6),
(52, 'Кирилловский', 'Елизар', 'Иосифович', 6),
(53, 'Сиваков', 'Нестор', 'Якубович', 6),
(54, 'Грушецкий', 'Елисей', 'Давидович', 6),
(55, 'Юрнаев', 'Ефрем', 'Михаилович', 6),
(56, 'Ясногородский', 'Адриан', 'Герасимович', 6),
(57, 'Ляхов', 'Ярослав', 'Наумович', 6),
(58, 'Благово', 'Никифор', 'Архипович', 6),
(59, 'Ахметов', 'Кирилл', 'Федорович', 6),
(60, 'Комзин', 'Дмитрий', 'Федотович', 6),
(61, 'Бутылин', 'Владилен', 'Юриевич', 6),
(62, 'Драгомиров', 'Константин', 'Остапович', 6),
(63, 'Яковцов', 'Евгений', 'Владиславович', 6),
(64, 'Ясаманов', 'Филимон', 'Игоревич', 6),
(65, 'Крестьянинов', 'Антип', 'Прохорович', 6),
(66, 'Жикин', 'Рюрик', 'Евлампиевич', 6),
(67, 'Шихин', 'Никита', 'Ермолаевич', 6),
(68, 'Донцов', 'Рубен', 'Изяславович', 6),
(69, 'Жербин', 'Александр', 'Савелиевич', 6),
(70, 'Мишутин', 'Сидор', 'Левович', 6),
(71, 'Морин', 'Панкратий', 'Сигизмундович', 6),
(72, 'Яницкий', 'Артур', 'Серафимович', 6),
(73, 'Диденков', 'Федот', 'Никанорович', 6),
(74, 'Вазов', 'Афанасий', 'Андроникович', 6),
(75, 'Тюрин', 'Николай', 'Сидорович', 6),
(76, 'Козарис', 'Пахом', 'Артемиевич', 6),
(77, 'Сухих', 'Ким', 'Матвеевич', 6),
(78, 'Кудайбергенов', 'Валентин', 'Измаилович', 6),
(79, 'Циолковский', 'Данила', 'Даниилович', 6),
(80, 'Янович', 'Трофим', 'Федосиевич', 6),
(81, 'Крупнов', 'Савелий', 'Макарович', 6),
(82, 'Осипов', 'Мартын', 'Капитонович', 6),
(83, 'Кац', 'Тимофей', 'Онисимович', 6),
(84, 'Маюров', 'Гавриил', 'Кондратович', 6),
(85, 'Курушин', 'Владлен', 'Ипатиевич', 6),
(86, 'Царско', 'Валерьян', 'Феоктистович', 6),
(87, 'Созонтов', 'Соломон', 'Алексеевич', 6),
(88, 'Митькин', 'Семен', 'Данилевич', 6),
(89, 'Званцов', 'Егор', 'Панкратиевич', 6),
(90, 'Набадчиков', 'Сергей', 'Давыдович', 6),
(91, 'Крючков', 'Якуб', 'Несторович', 6),
(92, 'Коротков', 'Эрнст', 'Агапович', 6),
(93, 'Яйцев', 'Потап', 'Ростиславович', 6),
(94, 'Бебнев', 'Станислав', 'Арсениевич', 6),
(95, 'Минаев', 'Ипполит', 'Карлович', 6),
(96, 'Квартиров', 'Яков', 'Венедиктович', 6),
(97, 'Кулигин', 'Андрей', 'Богданович', 6),
(98, 'Озеров', 'Григорий', 'Александрович', 6),
(99, 'Терещенко', 'Капитон', 'Ипатович', 6),
(100, 'Рафиков', 'Филипп', 'Ульянович', 6),
(101, 'Борисюк', 'Лев', 'Мирославович', 6),
(102, 'Вотяков', 'Андрон', 'Семенович', 6),
(103, 'Жиров', 'Кир', 'Эрнестович', 6),
(104, 'Экземплярский', 'Михаил', 'Викентиевич', 6),
(105, 'Юдицкий', 'Тихон', 'Титович', 6),
(106, 'Луков', 'Ипатий', 'Самсонович', 6),
(107, 'Янцев', 'Порфирий', 'Эмилевич', 6),
(108, 'Прохоров', 'Родион', 'Еремеевич', 6),
(109, 'Янютин', 'Богдан', 'Тимурович', 6),
(110, 'Андрющенко', 'Петр', 'Гаврилевич', 6),
(111, 'Сахаров', 'Евдоким', 'Самуилович', 6),
(112, 'Жиганов', 'Юлий', 'Адамович', 6),
(113, 'Карташёв', 'Эмиль', 'Адрианович', 6),
(114, 'Бальсунов', 'Тит', 'Леонтиевич', 6),
(115, 'Богатырев', 'Захар', 'Сократович', 6),
(116, 'Боньча', 'Мартьян', 'Афанасиевич', 6),
(117, 'Якимычев', 'Зиновий', 'Модестович', 6),
(118, 'Вышегородских', 'Радислав', 'Гордеевич', 6),
(119, 'Бабыкин', 'Гаврила', 'Фомевич', 6),
(120, 'Чиркаш', 'Виталий', 'Мечиславович', 6),
(121, 'Данилов', 'Владимир', 'Кириллович', 6),
(122, 'Чаадаев', 'Евстигней', 'Зиновиевич', 6),
(123, 'Шишлов', 'Герасим', 'Владимирович', 6),
(124, 'Хвостовский', 'Данил', 'Вадимович', 6),
(125, 'Малафеев', 'Виктор', 'Евстафиевич', 6),
(126, 'Яскевич', 'Феоктист', 'Андреевич', 6),
(127, 'Леонидов', 'Евграф', 'Филиппович', 6),
(128, 'Капп', 'Викентий', 'Григориевич', 6),
(129, 'Санников', 'Ерофей', 'Феликсович', 6),
(130, 'Блохин', 'Фока', 'Яковович', 6),
(131, 'Кирсанов', 'Ростислав', 'Георгиевич', 6),
(132, 'Тимирязев', 'Иларион', 'Леонович', 6),
(133, 'Язовицкий', 'Прокофий', 'Прокофиевич', 6),
(134, 'Нагиев', 'Игорь', 'Олегович', 6),
(135, 'Кушнарёв', 'Парфен', 'Никонович', 6),
(136, 'Холостых', 'Роман', 'Маркович', 6),
(137, 'Милюков', 'Глеб', 'Игнатиевич', 6),
(138, 'Щекочихин', 'Валерий', 'Елисеевич', 6),
(139, 'Карюгин', 'Олег', 'Андриянович', 6),
(140, 'Абрамович', 'Фома', 'Никифорович', 6),
(141, 'Хуртин', 'Андриян', 'Всеволодович', 6),
(142, 'Федин', 'Даниил', 'Платонович', 6),
(143, 'Ярополов', 'Владислав', 'Родионович', 6);

-- --------------------------------------------------------

--
-- Структура таблицы `passed_the_test`
--

CREATE TABLE IF NOT EXISTS `passed_the_test` (
  `passed_the_test` varchar(5) NOT NULL,
  PRIMARY KEY (`passed_the_test`)
) ENGINE=InnoDB DEFAULT CHARSET=utf8;

--
-- Дамп данных таблицы `passed_the_test`
--

INSERT INTO `passed_the_test` (`passed_the_test`) VALUES
('Да'),
('Нет');

-- --------------------------------------------------------

--
-- Структура таблицы `plots`
--

CREATE TABLE IF NOT EXISTS `plots` (
  `id_plot` int(11) NOT NULL AUTO_INCREMENT,
  `plot_name` varchar(255) DEFAULT NULL,
  `plot_manager` int(11) DEFAULT NULL,
  `id_brigade` int(11) DEFAULT NULL,
  `id_workshop` int(11) DEFAULT NULL,
  PRIMARY KEY (`id_plot`),
  KEY `id_workshop` (`id_workshop`),
  KEY `plot_manager` (`plot_manager`),
  KEY `id_brigade` (`id_brigade`)
) ENGINE=InnoDB AUTO_INCREMENT=29 DEFAULT CHARSET=utf8;

--
-- Дамп данных таблицы `plots`
--

INSERT INTO `plots` (`id_plot`, `plot_name`, `plot_manager`, `id_brigade`, `id_workshop`) VALUES
(23, 'Участок 1', 120, 23, 18),
(24, 'Участок 2', 50, 26, 18),
(25, 'Участок 3', 55, 27, 18),
(26, 'Участок 4', 99, 28, 19),
(27, 'Участок 5', 105, 28, 19),
(28, 'Участок 6', 124, 28, 19);

-- --------------------------------------------------------

--
-- Структура таблицы `products`
--

CREATE TABLE IF NOT EXISTS `products` (
  `id_product` int(11) NOT NULL AUTO_INCREMENT,
  `date` date NOT NULL,
  PRIMARY KEY (`id_product`)
) ENGINE=InnoDB AUTO_INCREMENT=22 DEFAULT CHARSET=utf8;

--
-- Дамп данных таблицы `products`
--

INSERT INTO `products` (`id_product`, `date`) VALUES
(1, '2019-05-14'),
(2, '2019-05-14'),
(3, '2019-04-22'),
(4, '2019-04-22'),
(5, '2019-04-22'),
(6, '2019-04-22'),
(9, '2019-06-12'),
(10, '2019-06-13'),
(11, '2019-06-13'),
(12, '2019-06-13'),
(13, '2019-06-13'),
(14, '2019-06-13'),
(15, '2019-06-14'),
(16, '2019-06-14'),
(17, '2019-06-14'),
(18, '2019-06-14'),
(19, '2019-06-14'),
(20, '2019-06-14'),
(21, '2019-06-24');

-- --------------------------------------------------------

--
-- Структура таблицы `role`
--

CREATE TABLE IF NOT EXISTS `role` (
  `role` varchar(100) NOT NULL,
  PRIMARY KEY (`role`)
) ENGINE=MyISAM DEFAULT CHARSET=utf8mb4;

--
-- Дамп данных таблицы `role`
--

INSERT INTO `role` (`role`) VALUES
('администратор'),
('менеджер'),
('пользователь');

-- --------------------------------------------------------

--
-- Структура таблицы `testing_laboratories`
--

CREATE TABLE IF NOT EXISTS `testing_laboratories` (
  `laboratory_name` varchar(255) DEFAULT NULL,
  `id_workshop` int(11) DEFAULT NULL,
  `id_product` int(11) DEFAULT NULL,
  `passed_the_test` varchar(255) NOT NULL,
  KEY `id_workshop` (`id_workshop`),
  KEY `id_product` (`id_product`),
  KEY `passed_the_test` (`passed_the_test`)
) ENGINE=InnoDB DEFAULT CHARSET=utf8;

-- --------------------------------------------------------

--
-- Структура таблицы `type_of_work`
--

CREATE TABLE IF NOT EXISTS `type_of_work` (
  `type_of_work` varchar(100) NOT NULL,
  PRIMARY KEY (`type_of_work`)
) ENGINE=InnoDB DEFAULT CHARSET=utf8;

--
-- Дамп данных таблицы `type_of_work`
--

INSERT INTO `type_of_work` (`type_of_work`) VALUES
('Покраска'),
('Сборка электроники'),
('Установка двигателя'),
('Установка кузова'),
('Установка шасси');

-- --------------------------------------------------------

--
-- Структура таблицы `users`
--

CREATE TABLE IF NOT EXISTS `users` (
  `id` int(11) NOT NULL AUTO_INCREMENT,
  `log` varchar(100) DEFAULT NULL,
  `pas` varchar(100) DEFAULT NULL,
  `role` varchar(100) DEFAULT NULL,
  PRIMARY KEY (`id`)
) ENGINE=MyISAM DEFAULT CHARSET=utf8mb4;

-- --------------------------------------------------------

--
-- Структура таблицы `work`
--

CREATE TABLE IF NOT EXISTS `work` (
  `id_workshop` int(11) NOT NULL,
  `id_plot` int(11) DEFAULT NULL,
  `id_product` int(11) DEFAULT NULL,
  `type_of_work` varchar(255) DEFAULT NULL,
  KEY `id_product` (`id_product`),
  KEY `id_plot` (`id_plot`),
  KEY `id_workshop` (`id_workshop`),
  KEY `type_of_work` (`type_of_work`)
) ENGINE=InnoDB DEFAULT CHARSET=utf8;

--
-- Дамп данных таблицы `work`
--

INSERT INTO `work` (`id_workshop`, `id_plot`, `id_product`, `type_of_work`) VALUES
(18, 24, 2, 'Установка двигателя'),
(18, 24, 9, 'Установка двигателя'),
(19, 25, 9, 'Установка кузова'),
(19, 26, NULL, 'Установка шасси'),
(19, 27, NULL, 'Покраска'),
(18, 23, 14, 'Покраска'),
(19, 26, 16, 'Установка шасси'),
(18, 24, 17, 'Установка двигателя'),
(18, 23, 18, 'Покраска'),
(18, 23, 19, 'Покраска'),
(19, 27, 21, 'Покраска'),
(19, 28, NULL, 'Сборка электроники');

-- --------------------------------------------------------

--
-- Структура таблицы `worker_info`
--

CREATE TABLE IF NOT EXISTS `worker_info` (
  `id_worker` int(11) DEFAULT NULL,
  `tel` varchar(20) DEFAULT NULL,
  `email` varchar(255) DEFAULT NULL,
  `dob` date DEFAULT NULL,
  `adress` varchar(255) DEFAULT NULL,
  `photo` varchar(255) DEFAULT NULL,
  KEY `id_worker` (`id_worker`)
) ENGINE=InnoDB DEFAULT CHARSET=utf8;

--
-- Дамп данных таблицы `worker_info`
--

INSERT INTO `worker_info` (`id_worker`, `tel`, `email`, `dob`, `adress`, `photo`) VALUES
(344, '7(495)542-00-71', 'grothoff@att.net', '1980-06-10', 'Москва, Олимпийский пр-т, д.6, кв. 70', '../../images/volkov-p.jpg'),
(345, '7(495)435-23-15', 'wetter@hotmail.com', '1980-06-11', 'Москва, Олимпийский пр-т, д.6, кв. 71', '../../images/volkov-p.jpg'),
(346, '7(495)901-66-91', 'mcsporran@msn.com', '1980-06-12', 'Москва, Олимпийский пр-т, д.6, кв. 72', '../../images/volkov-p.jpg'),
(347, '7(495)707-82-34', 'world@comcast.net', '1980-06-13', 'Москва, Олимпийский пр-т, д.6, кв. 73', '../../images/volkov-p.jpg'),
(348, '7(495)879-94-00', 'symbolic@me.com', '1980-06-14', 'Москва, Олимпийский пр-т, д.6, кв. 74', '../../images/volkov-p.jpg'),
(349, '7(495)451-77-72', 'rjones@optonline.net', '1980-06-15', 'Москва, Олимпийский пр-т, д.6, кв. 75', '../../images/volkov-p.jpg'),
(350, '7(495)733-32-59', 'errxn@icloud.com', '1980-06-16', 'Москва, Олимпийский пр-т, д.6, кв. 76', '../../images/volkov-p.jpg'),
(351, '7(495)578-81-37', 'boftx@gmail.com', '1980-06-17', 'Москва, Олимпийский пр-т, д.6, кв. 77', '../../images/volkov-p.jpg'),
(352, '7(495)068-56-84', 'portscan@mac.com', '1980-06-18', 'Москва, Олимпийский пр-т, д.6, кв. 78', '../../images/volkov-p.jpg'),
(353, '7(495)468-23-08', 'portscan@hotmail.com', '1980-06-19', 'Москва, Олимпийский пр-т, д.6, кв. 79', '../../images/volkov-p.jpg'),
(354, '7(495)424-77-37', 'parksh@msn.com', '1980-06-20', 'Москва, Олимпийский пр-т, д.6, кв. 80', '../../images/volkov-p.jpg'),
(355, '7(495)161-29-81', 'geekgrl@optonline.net', '1980-06-21', 'Москва, Олимпийский пр-т, д.6, кв. 81', '../../images/volkov-p.jpg'),
(356, '7(495)505-29-93', 'crypt@optonline.net', '1980-06-22', 'Москва, Олимпийский пр-т, д.6, кв. 82', '../../images/volkov-p.jpg'),
(357, '7(495)515-92-49', 'henkp@att.net', '1980-06-23', 'Москва, Олимпийский пр-т, д.6, кв. 83', '../../images/volkov-p.jpg'),
(358, '7(495)644-47-27', 'seano@outlook.com', '1980-06-24', 'Москва, Олимпийский пр-т, д.6, кв. 84', '../../images/volkov-p.jpg'),
(359, '7(495)890-88-28', 'eabrown@live.com', '1980-06-25', 'Москва, Олимпийский пр-т, д.6, кв. 85', '../../images/volkov-p.jpg'),
(360, '7(495)235-13-85', 'rcwil@yahoo.ca', '1980-06-26', 'Москва, Олимпийский пр-т, д.6, кв. 86', '../../images/volkov-p.jpg'),
(361, '7(495)018-36-80', 'majordick@live.com', '1980-06-27', 'Москва, Олимпийский пр-т, д.6, кв. 87', '../../images/volkov-p.jpg'),
(362, '7(495)257-07-49', 'adamk@mac.com', '1980-06-28', 'Москва, Олимпийский пр-т, д.6, кв. 88', '../../images/volkov-p.jpg'),
(363, '7(495)494-22-26', 'novanet@sbcglobal.net', '1980-06-29', 'Москва, Олимпийский пр-т, д.6, кв. 89', '../../images/volkov-p.jpg'),
(364, '7(495)616-90-29', 'jgoerzen@att.net', '1980-06-30', 'Москва, Олимпийский пр-т, д.6, кв. 90', '../../images/volkov-p.jpg'),
(365, '7(495)375-96-52', 'grossman@outlook.com', '0000-00-00', 'Москва, Олимпийский пр-т, д.6, кв. 91', '../../images/volkov-p.jpg'),
(366, '7(495)109-85-84', 'agapow@hotmail.com', '0000-00-00', 'Москва, Олимпийский пр-т, д.6, кв. 92', '../../images/volkov-p.jpg'),
(367, '7(495)881-01-85', 'kawasaki@msn.com', '0000-00-00', 'Москва, Олимпийский пр-т, д.6, кв. 93', '../../images/volkov-p.jpg'),
(368, '7(495)917-04-61', 'sscorpio@comcast.net', '0000-00-00', 'Москва, Олимпийский пр-т, д.6, кв. 94', '../../images/volkov-p.jpg'),
(369, '7(495)468-02-09', 'tangsh@att.net', '0000-00-00', 'Москва, Олимпийский пр-т, д.6, кв. 95', '../../images/volkov-p.jpg'),
(370, '7(495)082-66-75', 'staffelb@msn.com', '0000-00-00', 'Москва, Олимпийский пр-т, д.6, кв. 96', '../../images/volkov-p.jpg'),
(371, '7(495)675-75-05', 'carreras@verizon.net', '0000-00-00', 'Москва, Олимпийский пр-т, д.6, кв. 97', '../../images/volkov-p.jpg'),
(372, '7(495)235-60-74', 'tjensen@msn.com', '0000-00-00', 'Москва, Олимпийский пр-т, д.6, кв. 98', '../../images/volkov-p.jpg'),
(373, '7(495)426-73-51', 'mnemonic@optonline.net', '0000-00-00', 'Москва, Олимпийский пр-т, д.6, кв. 99', '../../images/volkov-p.jpg'),
(374, '7(495)440-11-66', 'overbom@msn.com', '0000-00-00', 'Москва, Олимпийский пр-т, д.6, кв. 100', '../../images/volkov-p.jpg'),
(375, '7(495)316-91-24', 'sarahs@optonline.net', '0000-00-00', 'Москва, Олимпийский пр-т, д.6, кв. 101', '../../images/volkov-p.jpg'),
(376, '7(495)500-67-51', 'dkrishna@comcast.net', '0000-00-00', 'Москва, Олимпийский пр-т, д.6, кв. 102', '../../images/volkov-p.jpg'),
(377, '7(495)879-23-07', 'flakeg@msn.com', '0000-00-00', 'Москва, Олимпийский пр-т, д.6, кв. 103', '../../images/volkov-p.jpg'),
(378, '7(495)479-64-54', 'munjal@live.com', '0000-00-00', 'Москва, Олимпийский пр-т, д.6, кв. 104', '../../images/volkov-p.jpg'),
(379, '7(495)607-82-12', 'rfisher@aol.com', '0000-00-00', 'Москва, Олимпийский пр-т, д.6, кв. 105', '../../images/volkov-p.jpg'),
(380, '7(495)134-99-61', 'wmszeliga@optonline.net', '0000-00-00', 'Москва, Олимпийский пр-т, д.6, кв. 106', '../../images/volkov-p.jpg'),
(381, '7(495)410-81-76', 'hillct@me.com', '0000-00-00', 'Москва, Олимпийский пр-т, д.6, кв. 107', '../../images/volkov-p.jpg'),
(382, '7(495)552-91-77', 'juerd@me.com', '0000-00-00', 'Москва, Олимпийский пр-т, д.6, кв. 108', '../../images/volkov-p.jpg'),
(383, '7(495)846-16-89', 'flavell@comcast.net', '0000-00-00', 'Москва, Олимпийский пр-т, д.6, кв. 109', '../../images/volkov-p.jpg'),
(384, '7(495)248-11-99', 'evans@sbcglobal.net', '0000-00-00', 'Москва, Олимпийский пр-т, д.6, кв. 110', '../../images/volkov-p.jpg'),
(385, '7(495)104-27-09', 'stakasa@me.com', '2019-06-10', 'Москва, Олимпийский пр-т, д.6, кв. 111', '../../images/volkov-p.jpg'),
(386, '7(495)613-79-05', 'cisugrad@comcast.net', '0000-00-00', 'Москва, Олимпийский пр-т, д.6, кв. 112', '../../images/volkov-p.jpg'),
(387, '7(495)518-10-80', 'bbirth@mac.com', '0000-00-00', 'Москва, Олимпийский пр-т, д.6, кв. 113', '../../images/volkov-p.jpg'),
(388, '7(495)383-48-30', 'hillct@mac.com', '0000-00-00', 'Москва, Олимпийский пр-т, д.6, кв. 114', '../../images/volkov-p.jpg'),
(389, '7(495)351-06-14', 'emmanuel@sbcglobal.net', '2019-06-10', 'Москва, Олимпийский пр-т, д.6, кв. 115', '../../images/volkov-p.jpg'),
(390, '7(495)270-27-60', 'sassen@att.net', '0000-00-00', 'Москва, Олимпийский пр-т, д.6, кв. 116', '../../images/volkov-p.jpg'),
(391, '7(495)885-87-50', 'rattenbt@sbcglobal.net', '0000-00-00', 'Москва, Олимпийский пр-т, д.6, кв. 117', '../../images/volkov-p.jpg'),
(392, '7(495)345-17-51', 'presoff@mac.com', '0000-00-00', 'Москва, Олимпийский пр-т, д.6, кв. 118', '../../images/volkov-p.jpg'),
(393, '7(495)031-64-69', 'jeffcovey@msn.com', '0000-00-00', 'Москва, Олимпийский пр-т, д.6, кв. 119', '../../images/volkov-p.jpg'),
(394, '7(495)309-16-94', 'oracle@me.com', '0000-00-00', 'Москва, Олимпийский пр-т, д.6, кв. 120', '../../images/volkov-p.jpg'),
(395, '7(495)893-54-36', 'ianbuck@icloud.com', '0000-00-00', 'Москва, Олимпийский пр-т, д.6, кв. 121', '../../images/volkov-p.jpg'),
(396, '7(495)810-57-16', 'nachbaur@sbcglobal.net', '0000-00-00', 'Москва, Олимпийский пр-т, д.6, кв. 122', '../../images/volkov-p.jpg'),
(397, '7(495)485-84-55', 'stomv@mac.com', '0000-00-00', 'Москва, Олимпийский пр-т, д.6, кв. 123', '../../images/volkov-p.jpg'),
(398, '7(495)558-24-37', 'bolow@live.com', '0000-00-00', 'Москва, Олимпийский пр-т, д.6, кв. 124', '../../images/volkov-p.jpg'),
(399, '7(495)208-74-55', 'mstrout@live.com', '0000-00-00', 'Москва, Олимпийский пр-т, д.6, кв. 125', '../../images/volkov-p.jpg'),
(400, '7(495)658-37-52', 'sbmrjbr@gmail.com', '0000-00-00', 'Москва, Олимпийский пр-т, д.6, кв. 126', '../../images/volkov-p.jpg'),
(401, '7(495)370-72-65', 'william@icloud.com', '0000-00-00', 'Москва, Олимпийский пр-т, д.6, кв. 127', '../../images/volkov-p.jpg'),
(402, '7(495)140-67-79', 'rogerspl@yahoo.ca', '0000-00-00', 'Москва, Олимпийский пр-т, д.6, кв. 128', '../../images/volkov-p.jpg'),
(403, '7(495)887-23-35', 'jaarnial@optonline.net', '0000-00-00', 'Москва, Олимпийский пр-т, д.6, кв. 129', '../../images/volkov-p.jpg'),
(404, '7(495)944-69-68', 'kingma@yahoo.com', '0000-00-00', 'Москва, Олимпийский пр-т, д.6, кв. 130', '../../images/volkov-p.jpg'),
(405, '7(495)380-64-54', 'aibrahim@live.com', '0000-00-00', 'Москва, Олимпийский пр-т, д.6, кв. 131', '../../images/volkov-p.jpg'),
(406, '7(495)042-72-27', 'zyghom@optonline.net', '0000-00-00', 'Москва, Олимпийский пр-т, д.6, кв. 132', '../../images/volkov-p.jpg'),
(407, '7(495)154-48-95', 'lishoy@outlook.com', '0000-00-00', 'Москва, Олимпийский пр-т, д.6, кв. 133', '../../images/volkov-p.jpg'),
(408, '7(495)494-35-26', 'fangorn@me.com', '0000-00-00', 'Москва, Олимпийский пр-т, д.6, кв. 134', '../../images/volkov-p.jpg'),
(409, '7(495)165-52-92', 'mwilson@sbcglobal.net', '0000-00-00', 'Москва, Олимпийский пр-т, д.6, кв. 135', '../../images/volkov-p.jpg'),
(410, '7(495)449-77-78', 'adhere@aol.com', '0000-00-00', 'Москва, Олимпийский пр-т, д.6, кв. 136', '../../images/volkov-p.jpg'),
(411, '7(495)233-12-89', 'juerd@optonline.net', '0000-00-00', 'Москва, Олимпийский пр-т, д.6, кв. 137', '../../images/volkov-p.jpg'),
(412, '7(495)730-35-62', 'cantu@mac.com', '0000-00-00', 'Москва, Олимпийский пр-т, д.6, кв. 138', '../../images/volkov-p.jpg'),
(413, '7(495)272-57-47', 'fallorn@icloud.com', '0000-00-00', 'Москва, Олимпийский пр-т, д.6, кв. 139', '../../images/volkov-p.jpg'),
(414, '7(495)970-64-95', 'meder@icloud.com', '0000-00-00', 'Москва, Олимпийский пр-т, д.6, кв. 140', '../../images/volkov-p.jpg'),
(415, '7(495)298-57-72', 'staffelb@verizon.net', '0000-00-00', 'Москва, Олимпийский пр-т, д.6, кв. 141', '../../images/volkov-p.jpg'),
(416, '7(495)128-79-13', 'fmtbebuck@aol.com', '0000-00-00', 'Москва, Олимпийский пр-т, д.6, кв. 142', '../../images/volkov-p.jpg'),
(417, '7(495)967-71-40', 'twoflower@live.com', '0000-00-00', 'Москва, Олимпийский пр-т, д.6, кв. 143', '../../images/volkov-p.jpg'),
(418, '7(495)107-69-33', 'mallanmba@msn.com', '0000-00-00', 'Москва, Олимпийский пр-т, д.6, кв. 144', '../../images/volkov-p.jpg'),
(419, '7(495)227-00-95', 'british@verizon.net', '0000-00-00', 'Москва, Олимпийский пр-т, д.6, кв. 145', '../../images/volkov-p.jpg'),
(420, '7(495)248-16-23', 'sjava@yahoo.ca', '0000-00-00', 'Москва, Олимпийский пр-т, д.6, кв. 146', '../../images/volkov-p.jpg'),
(421, '7(495)803-95-30', 'grolschie@yahoo.ca', '0000-00-00', 'Москва, Олимпийский пр-т, д.6, кв. 147', '../../images/volkov-p.jpg'),
(422, '7(495)383-21-64', 'pthomsen@icloud.com', '0000-00-00', 'Москва, Олимпийский пр-т, д.6, кв. 148', '../../images/volkov-p.jpg'),
(423, '7(495)914-91-01', 'thomasj@gmail.com', '0000-00-00', 'Москва, Олимпийский пр-т, д.6, кв. 149', '../../images/volkov-p.jpg'),
(424, '7(495)494-11-86', 'clkao@gmail.com', '0000-00-00', 'Москва, Олимпийский пр-т, д.6, кв. 150', '../../images/volkov-p.jpg'),
(425, '7(495)890-32-10', 'ajlitt@me.com', '0000-00-00', 'Москва, Олимпийский пр-т, д.6, кв. 151', '../../images/volkov-p.jpg'),
(426, '7(495)939-10-35', 'skythe@me.com', '0000-00-00', 'Москва, Олимпийский пр-т, д.6, кв. 152', '../../images/volkov-p.jpg'),
(427, '7(495)599-79-00', 'froodian@comcast.net', '0000-00-00', 'Москва, Олимпийский пр-т, д.6, кв. 153', '../../images/volkov-p.jpg'),
(428, '7(495)055-23-22', 'retoh@msn.com', '0000-00-00', 'Москва, Олимпийский пр-т, д.6, кв. 154', '../../images/volkov-p.jpg'),
(429, '7(495)236-55-61', 'rsmartin@yahoo.com', '0000-00-00', 'Москва, Олимпийский пр-т, д.6, кв. 155', '../../images/volkov-p.jpg'),
(430, '7(495)006-14-20', 'dkeeler@optonline.net', '0000-00-00', 'Москва, Олимпийский пр-т, д.6, кв. 156', '../../images/volkov-p.jpg'),
(431, '7(495)207-21-86', 'fairbank@msn.com', '0000-00-00', 'Москва, Олимпийский пр-т, д.6, кв. 157', '../../images/volkov-p.jpg'),
(432, '7(495)323-75-69', 'ovprit@optonline.net', '0000-00-00', 'Москва, Олимпийский пр-т, д.6, кв. 158', '../../images/volkov-p.jpg'),
(433, '7(495)963-52-40', 'ilikered@msn.com', '0000-00-00', 'Москва, Олимпийский пр-т, д.6, кв. 159', '../../images/volkov-p.jpg'),
(434, '7(495)564-08-51', 'purvis@live.com', '0000-00-00', 'Москва, Олимпийский пр-т, д.6, кв. 160', '../../images/volkov-p.jpg'),
(435, '7(495)593-67-98', 'seemant@sbcglobal.net', '0000-00-00', 'Москва, Олимпийский пр-т, д.6, кв. 161', '../../images/volkov-p.jpg'),
(436, '7(495)219-77-85', 'osrin@yahoo.com', '0000-00-00', 'Москва, Олимпийский пр-т, д.6, кв. 162', '../../images/volkov-p.jpg'),
(437, '7(495)592-73-31', 'wayward@aol.com', '0000-00-00', 'Москва, Олимпийский пр-т, д.6, кв. 163', '../../images/volkov-p.jpg'),
(438, '7(495)950-80-19', 'matthijs@live.com', '0000-00-00', 'Москва, Олимпийский пр-т, д.6, кв. 164', '../../images/volkov-p.jpg'),
(439, '7(495)023-82-19', 'aracne@hotmail.com', '0000-00-00', 'Москва, Олимпийский пр-т, д.6, кв. 165', '../../images/volkov-p.jpg'),
(440, '7(495)283-07-98', 'saridder@sbcglobal.net', '0000-00-00', 'Москва, Олимпийский пр-т, д.6, кв. 166', '../../images/volkov-p.jpg'),
(441, '7(495)810-24-11', 'bowmanbs@live.com', '0000-00-00', 'Москва, Олимпийский пр-т, д.6, кв. 167', '../../images/volkov-p.jpg'),
(442, '7(495)713-73-24', 'joehall@outlook.com', '0000-00-00', 'Москва, Олимпийский пр-т, д.6, кв. 168', '../../images/volkov-p.jpg'),
(443, '7(495)572-88-13', 'dimensio@yahoo.ca', '0000-00-00', 'Москва, Олимпийский пр-т, д.6, кв. 169', '../../images/volkov-p.jpg'),
(445, '+79250748127', 'ivan@mail.ru', '2019-06-03', 'Ул пушкина 5', '../../images/d1076-5W11.jpg'),
(446, '+79250748125', 'karim199560@mail.com', '1999-02-10', 'Ул пушкина 5', '../../images/кошка 1.jpg');

-- --------------------------------------------------------

--
-- Структура таблицы `worker_position`
--

CREATE TABLE IF NOT EXISTS `worker_position` (
  `id_position` int(11) NOT NULL AUTO_INCREMENT,
  `position` varchar(255) NOT NULL,
  PRIMARY KEY (`id_position`),
  UNIQUE KEY `position` (`position`)
) ENGINE=InnoDB AUTO_INCREMENT=34 DEFAULT CHARSET=utf8;

--
-- Дамп данных таблицы `worker_position`
--

INSERT INTO `worker_position` (`id_position`, `position`) VALUES
(5, '-'),
(20, 'доменщик'),
(27, 'конструктор'),
(22, 'литейщик'),
(32, 'механик'),
(33, 'наладчик'),
(30, 'сборщик'),
(8, 'сварщик'),
(6, 'слесарь'),
(23, 'сталевар'),
(25, 'стропальщик'),
(19, 'техник'),
(28, 'токарь'),
(18, 'уборщик'),
(26, 'формовщик'),
(29, 'фрезеровщик'),
(21, 'штамповщик'),
(12, 'электрик'),
(31, 'электромонтер'),
(24, 'энергетик');

-- --------------------------------------------------------

--
-- Структура таблицы `working_staff`
--

CREATE TABLE IF NOT EXISTS `working_staff` (
  `id_worker` int(11) NOT NULL AUTO_INCREMENT,
  `last_name` varchar(20) NOT NULL,
  `first_name` varchar(20) NOT NULL,
  `patronymic` varchar(20) NOT NULL,
  `id_position` int(11) DEFAULT NULL,
  `id_brigade` int(11) DEFAULT NULL,
  PRIMARY KEY (`id_worker`),
  KEY `id_brigade` (`id_brigade`),
  KEY `id_position` (`id_position`)
) ENGINE=InnoDB AUTO_INCREMENT=447 DEFAULT CHARSET=utf8;

--
-- Дамп данных таблицы `working_staff`
--

INSERT INTO `working_staff` (`id_worker`, `last_name`, `first_name`, `patronymic`, `id_position`, `id_brigade`) VALUES
(344, 'Сафиюлин', 'Всеволод', 'Левович', 8, 26),
(345, 'Агейкин', 'Филипп', 'Викентиевич', 8, 27),
(346, 'Юнге', 'Евсей', 'Мартьянович', 8, 30),
(347, 'Перминов', 'Тимофей', 'Капитонович', 8, 27),
(348, 'Митасов', 'Григорий', 'Анатолиевич', 8, 27),
(349, 'Чупров', 'Кондратий', 'Вадимович', 8, 27),
(350, 'Ласкутин', 'Бронислав', 'Никанорович', 8, 27),
(351, 'Ямалтдинов', 'Богдан', 'Казимирович', 8, 27),
(352, 'Каиров', 'Елизар', 'Модестович', 8, 27),
(353, 'Волынкин', 'Терентий', 'Глебович', 8, 27),
(354, 'Дыховичный', 'Серафим', 'Леонтиевич', 8, 27),
(355, 'Бугаков', 'Петр', 'Ипполитович', 8, 27),
(356, 'Фокин', 'Моисей', 'Егорович', 8, 27),
(357, 'Урбановский', 'Давид', 'Еремеевич', 8, 27),
(358, 'Гавшин', 'Эдуард', 'Давидович', 8, 27),
(359, 'Кайназаров', 'Степан', 'Эдуардович', 8, 27),
(360, 'Жеглов', 'Олег', 'Самсонович', 8, 27),
(361, 'Пирогов', 'Адриан', 'Олегович', 8, 27),
(362, 'Поджио', 'Пахом', 'Федотович', 8, 27),
(363, 'Лапаев', 'Артем', 'Владимирович', 8, 27),
(364, 'Дубов', 'Онуфрий', 'Филимонович', 8, 27),
(365, 'Забабурин', 'Михаил', 'Архипович', 8, 28),
(366, 'Купцов', 'Иларион', 'Ростиславович', 8, 28),
(367, 'Дежнёв', 'Филимон', 'Валерьянович', 8, 28),
(368, 'Райт', 'Кондрат', 'Феликсович', 8, 28),
(369, 'Рудников', 'Радион', 'Ермолаевич', 8, 28),
(370, 'Барков', 'Агап', 'Ильевич', 8, 28),
(371, 'Кошков', 'Алексей', 'Филиппович', 8, 28),
(372, 'Ионов', 'Ипатий', 'Феоктистович', 8, 30),
(373, 'Маюров', 'Станислав', 'Родионович', 8, 28),
(374, 'Груздев', 'Евлампий', 'Платонович', 8, 30),
(375, 'Разбойников', 'Дементий', 'Дмитриевич', 8, 30),
(376, 'Ржевский', 'Прохор', 'Игоревич', 8, 30),
(377, 'Яковкин', 'Егор', 'Игнатиевич', 8, 30),
(378, 'Эфиров', 'Ираклий', 'Маркович', 8, 28),
(379, 'Дураничев', 'Роман', 'Артемиевич', 8, 28),
(380, 'Чесноков', 'Артур', 'Самуилович', 8, 28),
(381, 'Бочкарёв', 'Эрнст', 'Изяславович', 8, 28),
(382, 'Шаврин', 'Герман', 'Онисимович', 8, 28),
(383, 'Толмачёв', 'Анатолий', 'Чеславович', 8, 28),
(384, 'Лигачёв', 'Эмиль', 'Прохорович', 8, 28),
(385, 'Шишков', 'Викентий', 'Всеволодович', 8, 23),
(386, 'Михальченков', 'Самсон', 'Ипатович', 8, 23),
(387, 'Чаадаев', 'Матвей', 'Евгениевич', 8, 23),
(388, 'Горохов', 'Емельян', 'Арсениевич', 8, 23),
(389, 'Огурцов', 'Денис', 'Макарович', 8, 23),
(390, 'Ялунин', 'Мир', 'Никифорович', 8, 23),
(391, 'Кабисов', 'Тихон', 'Брониславович', 8, 23),
(392, 'Трактирников', 'Феоктист', 'Кондратиевич', 8, 23),
(393, 'Федосеев', 'Саввелий', 'Леонидович', 8, 23),
(394, 'Перевёртов', 'Глеб', 'Тарасович', 8, 23),
(395, 'Пережогин', 'Мстислав', 'Никонович', 8, 23),
(396, 'Кирьяков', 'Аркадий', 'Проклович', 8, 23),
(397, 'Лаврентьев', 'Тимур', 'Юриевич', 8, 30),
(398, 'Андроников', 'Борис', 'Венедиктович', 8, 23),
(399, 'Ярилов', 'Руслан', 'Александрович', 8, 23),
(400, 'Посохов', 'Лука', 'Саввевич', 8, 23),
(401, 'Якунчиков', 'Зиновий', 'Геннадиевич', 8, 23),
(402, 'Набокин', 'Вацлав', 'Сократович', 8, 23),
(403, 'Игумнов', 'Андрей', 'Адрианович', 8, 23),
(404, 'Бысов', 'Капитон', 'Моисеевич', 8, 23),
(405, 'Каде', 'Ерофей', 'Захарович', 8, 23),
(406, 'Плахтюрин', 'Эрнест', 'Кондратович', 8, 23),
(407, 'Стрелков', 'Рюрик', 'Панкратиевич', 8, 23),
(408, 'Жербин', 'Фадей', 'Касьянович', 8, 23),
(409, 'Шелагин', 'Ульян', 'Михеевич', 8, 23),
(410, 'Яновицкий', 'Семён', 'Леонович', 8, 23),
(411, 'Смотров', 'Евдоким', 'Остапович', 8, 23),
(412, 'Кожедуб', 'Поликарп', 'Наумович', 8, 23),
(413, 'Жабкин', 'Виктор', 'Фомевич', 8, 23),
(414, 'Янов', 'Леондий', 'Андроникович', 8, 23),
(415, 'Нырцев', 'Виссарион', 'Федорович', 8, 23),
(416, 'Булгаков', 'Никанор', 'Титович', 8, 23),
(417, 'Овощников', 'Илья', 'Ерофеевич', 8, 23),
(418, 'Великий', 'Никита', 'Сидорович', 8, 23),
(419, 'Арданкин', 'Валерий', 'Елисеевич', 8, 23),
(420, 'Некрестьянов', 'Герасим', 'Фролович', 8, 23),
(421, 'Жевлаков', 'Владимир', 'Святославович', 8, 23),
(422, 'Порошин', 'Якуб', 'Евграфович', 8, 23),
(423, 'Унковский', 'Нестор', 'Матвеевич', 8, 23),
(424, 'Цаплин', 'Геннадий', 'Мирославович', 8, 28),
(425, 'Унтилов', 'Георгий', 'Сигизмундович', 8, 30),
(426, 'Афанасьев', 'Гаврила', 'Кириллович', 8, 30),
(427, 'Ковшутин', 'Родион', 'Яковович', 8, 26),
(428, 'Ягодинский', 'Феофан', 'Алексеевич', 8, 26),
(429, 'Забиров', 'Лев', 'Серафимович', 8, 26),
(430, 'Набатников', 'Арсений', 'Даниилович', 8, 26),
(431, 'Селидов', 'Борислав', 'Никитевич', 8, 26),
(432, 'Кая', 'Виталий', 'Епифанович', 8, 26),
(433, 'Калакуцкий', 'Кузьма', 'Федосиевич', 8, 26),
(434, 'Цыцын', 'Даниил', 'Евлампиевич', 8, 26),
(435, 'Дьяченко', 'Игорь', 'Тимурович', 8, 26),
(436, 'Ураков', 'Михей', 'Якубович', 8, 26),
(437, 'Мягков', 'Панкратий', 'Несторович', 8, 26),
(438, 'Набиуллин', 'Самуил', 'Ефремович', 8, 26),
(439, 'Бережной', 'Карл', 'Ипатиевич', 8, 26),
(440, 'Жиглов', 'Модест', 'Демьянович', 8, 26),
(441, 'Яцунов', 'Трофим', 'Давыдович', 8, 30),
(442, 'Пугин', 'Прокофий', 'Денисович', 8, 23),
(443, 'Калошин', 'Евгений', 'Андриянович', 8, 30),
(445, 'Иванов', 'Иван', 'Иванович', 8, 23),
(446, 'Цзю', 'Илья', 'Игоревич', 6, 30);

-- --------------------------------------------------------

--
-- Структура таблицы `workshops`
--

CREATE TABLE IF NOT EXISTS `workshops` (
  `id_workshop` int(11) NOT NULL AUTO_INCREMENT,
  `workshop_name` varchar(255) DEFAULT NULL,
  `workshop_manager` int(11) DEFAULT NULL,
  PRIMARY KEY (`id_workshop`),
  KEY `workshop_manager` (`workshop_manager`)
) ENGINE=InnoDB AUTO_INCREMENT=20 DEFAULT CHARSET=utf8;

--
-- Дамп данных таблицы `workshops`
--

INSERT INTO `workshops` (`id_workshop`, `workshop_name`, `workshop_manager`) VALUES
(18, 'ЦЕХ 1', 87),
(19, 'ЦЕХ 2', 94);

--
-- Ограничения внешнего ключа сохраненных таблиц
--

--
-- Ограничения внешнего ключа таблицы `brigades`
--
ALTER TABLE `brigades`
  ADD CONSTRAINT `brigades_ibfk_1` FOREIGN KEY (`brigadier`) REFERENCES `working_staff` (`id_worker`);

--
-- Ограничения внешнего ключа таблицы `buses`
--
ALTER TABLE `buses`
  ADD CONSTRAINT `buses_ibfk_1` FOREIGN KEY (`model`) REFERENCES `bus_model` (`model`),
  ADD CONSTRAINT `buses_ibfk_2` FOREIGN KEY (`mark`) REFERENCES `bus_mark` (`mark`),
  ADD CONSTRAINT `buses_ibfk_3` FOREIGN KEY (`color`) REFERENCES `colors` (`color`),
  ADD CONSTRAINT `buses_ibfk_4` FOREIGN KEY (`id_product`) REFERENCES `products` (`id_product`);

--
-- Ограничения внешнего ключа таблицы `cars`
--
ALTER TABLE `cars`
  ADD CONSTRAINT `cars_ibfk_1` FOREIGN KEY (`body`) REFERENCES `car_body` (`body`),
  ADD CONSTRAINT `cars_ibfk_2` FOREIGN KEY (`color`) REFERENCES `colors` (`color`),
  ADD CONSTRAINT `cars_ibfk_3` FOREIGN KEY (`mark`) REFERENCES `car_mark` (`mark`),
  ADD CONSTRAINT `cars_ibfk_4` FOREIGN KEY (`model`) REFERENCES `car_model` (`model`),
  ADD CONSTRAINT `cars_ibfk_5` FOREIGN KEY (`id_product`) REFERENCES `products` (`id_product`);

--
-- Ограничения внешнего ключа таблицы `engineering_info`
--
ALTER TABLE `engineering_info`
  ADD CONSTRAINT `engineering_info_ibfk_1` FOREIGN KEY (`id_worker`) REFERENCES `engineering_staff` (`id_worker`);

--
-- Ограничения внешнего ключа таблицы `engineering_staff`
--
ALTER TABLE `engineering_staff`
  ADD CONSTRAINT `engineering_staff_ibfk_1` FOREIGN KEY (`id_position`) REFERENCES `engineering_position` (`id_position`);

--
-- Ограничения внешнего ключа таблицы `plots`
--
ALTER TABLE `plots`
  ADD CONSTRAINT `plots_ibfk_1` FOREIGN KEY (`id_workshop`) REFERENCES `workshops` (`id_workshop`),
  ADD CONSTRAINT `plots_ibfk_2` FOREIGN KEY (`plot_manager`) REFERENCES `engineering_staff` (`id_worker`),
  ADD CONSTRAINT `plots_ibfk_3` FOREIGN KEY (`id_brigade`) REFERENCES `brigades` (`id_brigade`);

--
-- Ограничения внешнего ключа таблицы `testing_laboratories`
--
ALTER TABLE `testing_laboratories`
  ADD CONSTRAINT `testing_laboratories_ibfk_1` FOREIGN KEY (`id_workshop`) REFERENCES `workshops` (`id_workshop`),
  ADD CONSTRAINT `testing_laboratories_ibfk_2` FOREIGN KEY (`id_product`) REFERENCES `products` (`id_product`),
  ADD CONSTRAINT `testing_laboratories_ibfk_3` FOREIGN KEY (`passed_the_test`) REFERENCES `passed_the_test` (`passed_the_test`);

--
-- Ограничения внешнего ключа таблицы `work`
--
ALTER TABLE `work`
  ADD CONSTRAINT `work_ibfk_2` FOREIGN KEY (`id_plot`) REFERENCES `plots` (`id_plot`),
  ADD CONSTRAINT `work_ibfk_3` FOREIGN KEY (`id_workshop`) REFERENCES `workshops` (`id_workshop`),
  ADD CONSTRAINT `work_ibfk_4` FOREIGN KEY (`id_product`) REFERENCES `products` (`id_product`),
  ADD CONSTRAINT `work_ibfk_5` FOREIGN KEY (`type_of_work`) REFERENCES `type_of_work` (`type_of_work`);

--
-- Ограничения внешнего ключа таблицы `worker_info`
--
ALTER TABLE `worker_info`
  ADD CONSTRAINT `worker_info_ibfk_1` FOREIGN KEY (`id_worker`) REFERENCES `working_staff` (`id_worker`);

--
-- Ограничения внешнего ключа таблицы `working_staff`
--
ALTER TABLE `working_staff`
  ADD CONSTRAINT `working_staff_ibfk_1` FOREIGN KEY (`id_position`) REFERENCES `worker_position` (`id_position`),
  ADD CONSTRAINT `working_staff_ibfk_2` FOREIGN KEY (`id_brigade`) REFERENCES `brigades` (`id_brigade`);

--
-- Ограничения внешнего ключа таблицы `workshops`
--
ALTER TABLE `workshops`
  ADD CONSTRAINT `workshops_ibfk_1` FOREIGN KEY (`workshop_manager`) REFERENCES `engineering_staff` (`id_worker`);

/*!40101 SET CHARACTER_SET_CLIENT=@OLD_CHARACTER_SET_CLIENT */;
/*!40101 SET CHARACTER_SET_RESULTS=@OLD_CHARACTER_SET_RESULTS */;
/*!40101 SET COLLATION_CONNECTION=@OLD_COLLATION_CONNECTION */;
